,URL
0,/book/show/2767052-the-hunger-games
1,/book/show/2.Harry_Potter_and_the_Order_of_the_Phoenix
2,/book/show/2657.To_Kill_a_Mockingbird
3,/book/show/1885.Pride_and_Prejudice
4,/book/show/41865.Twilight
5,/book/show/19063.The_Book_Thief
6,/book/show/7613.Animal_Farm
7,/book/show/11127.The_Chronicles_of_Narnia
8,/book/show/30.J_R_R_Tolkien_4_Book_Boxed_Set
9,/book/show/18405.Gone_with_the_Wind
10,/book/show/11870085-the-fault-in-our-stars
11,/book/show/370493.The_Giving_Tree
12,/book/show/6185.Wuthering_Heights
13,/book/show/968.The_Da_Vinci_Code
14,/book/show/930.Memoirs_of_a_Geisha
15,/book/show/5297.The_Picture_of_Dorian_Gray
16,/book/show/24213.Alice_s_Adventures_in_Wonderland_Through_the_Looking_Glass
17,/book/show/24280.Les_Mis_rables
18,/book/show/10210.Jane_Eyre
19,/book/show/13335037-divergent
20,/book/show/18135.Romeo_and_Juliet
21,/book/show/7624.Lord_of_the_Flies
22,/book/show/865.The_Alchemist
23,/book/show/7144.Crime_and_Punishment
24,/book/show/22628.The_Perks_of_Being_a_Wallflower
25,/book/show/375802.Ender_s_Game
26,/book/show/256683.City_of_Bones
27,/book/show/4671.The_Great_Gatsby
28,/book/show/4667024-the-help
29,/book/show/8127.Anne_of_Green_Gables
30,/book/show/24178.Charlotte_s_Web
31,/book/show/18619684-the-time-traveler-s-wife
32,/book/show/890.Of_Mice_and_Men
33,/book/show/17245.Dracula
34,/book/show/157993.The_Little_Prince
35,/book/show/5129.Brave_New_World
36,/book/show/11.The_Hitchhiker_s_Guide_to_the_Galaxy
37,/book/show/320.One_Hundred_Years_of_Solitude
38,/book/show/21787.The_Princess_Bride
39,/book/show/3.Harry_Potter_and_the_Sorcerer_s_Stone
40,/book/show/5107.The_Catcher_in_the_Rye
41,/book/show/2998.The_Secret_Garden
42,/book/show/128029.A_Thousand_Splendid_Suns
43,/book/show/18131.A_Wrinkle_in_Time
44,/book/show/4381.Fahrenheit_451
45,/book/show/28187.The_Lightning_Thief
46,/book/show/13496.A_Game_of_Thrones
47,/book/show/2956.The_Adventures_of_Huckleberry_Finn
48,/book/show/12232938-the-lovely-bones
49,/book/show/19543.Where_the_Wild_Things_Are
50,/book/show/23772.Green_Eggs_and_Ham
51,/book/show/231804.The_Outsiders
52,/book/show/4214.Life_of_Pi
53,/book/show/1953.A_Tale_of_Two_Cities
54,/book/show/1381.The_Odyssey
55,/book/show/43641.Water_for_Elephants
56,/book/show/7604.Lolita
57,/book/show/4981.Slaughterhouse_Five
58,/book/show/386162.The_Hitchhiker_s_Guide_to_the_Galaxy
59,/book/show/18490.Frankenstein
60,/book/show/77203.The_Kite_Runner
61,/book/show/168668.Catch_22
62,/book/show/3636.The_Giver
63,/book/show/38447.The_Handmaid_s_Tale
64,/book/show/5043.The_Pillars_of_the_Earth
65,/book/show/149267.The_Stand
66,/book/show/76620.Watership_Down
67,/book/show/3590.The_Adventures_of_Sherlock_Holmes
68,/book/show/332613.One_Flew_Over_the_Cuckoo_s_Nest
69,/book/show/10917.My_Sister_s_Keeper
70,/book/show/6514.The_Bell_Jar
71,/book/show/10964.Outlander
72,/book/show/2429135.The_Girl_with_the_Dragon_Tattoo
73,/book/show/17899948-rebecca
74,/book/show/39988.Matilda
75,/book/show/34.The_Fellowship_of_the_Ring
76,/book/show/1934.Little_Women
77,/book/show/11486.The_Color_Purple
78,/book/show/14891.A_Tree_Grows_in_Brooklyn
79,/book/show/6288.The_Road
80,/book/show/227463.A_Clockwork_Orange
81,/book/show/136251.Harry_Potter_and_the_Deathly_Hallows
82,/book/show/4934.The_Brothers_Karamazov
83,/book/show/252577.Angela_s_Ashes
84,/book/show/234225.Dune
85,/book/show/18660669-vampire-academy
86,/book/show/7244.The_Poisonwood_Bible
87,/book/show/52036.Siddhartha
88,/book/show/17470674-fahrenheit-451
89,/book/show/662.Atlas_Shrugged
90,/book/show/5470.1984
91,/book/show/3836.Don_Quixote
92,/book/show/119322.The_Golden_Compass
93,/book/show/2165.The_Old_Man_and_the_Sea
94,/book/show/15931.The_Notebook
95,/book/show/2619.Great_Expectations
96,/book/show/151.Anna_Karenina
97,/book/show/99107.Winnie_the_Pooh
98,/book/show/23919.The_Complete_Stories_and_Poems
99,/book/show/4473.A_Prayer_for_Owen_Meany
100,/book/show/43763.Interview_with_the_Vampire
101,/book/show/153747.Moby_Dick_or_the_Whale
102,/book/show/5.Harry_Potter_and_the_Prisoner_of_Azkaban
103,/book/show/4989.The_Red_Tent
104,/book/show/37435.The_Secret_Life_of_Bees
105,/book/show/7171637-clockwork-angel
106,/book/show/6.Harry_Potter_and_the_Goblet_of_Fire
107,/book/show/2187.Middlesex
108,/book/show/16299.And_Then_There_Were_None
109,/book/show/49552.The_Stranger
110,/book/show/117833.The_Master_and_Margarita
111,/book/show/1.Harry_Potter_and_the_Half_Blood_Prince
112,/book/show/2623.Great_Expectations
113,/book/show/24583.The_Adventures_of_Tom_Sawyer
114,/book/show/11588.The_Shining
115,/book/show/113436.Eragon
116,/book/show/6310.Charlie_and_the_Chocolate_Factory
117,/book/show/186074.The_Name_of_the_Wind
118,/book/show/70401.On_the_Road
119,/book/show/18373.Flowers_for_Algernon
120,/book/show/4948.The_Very_Hungry_Caterpillar
121,/book/show/1232.The_Shadow_of_the_Wind
122,/book/show/6900.Tuesdays_with_Morrie
123,/book/show/1618.The_Curious_Incident_of_the_Dog_in_the_Night_Time
124,/book/show/99561.Looking_for_Alaska
125,/book/show/485894.The_Metamorphosis
126,/book/show/9717.The_Unbearable_Lightness_of_Being
127,/book/show/119073.The_Name_of_the_Rose
128,/book/show/12296.The_Scarlet_Letter
129,/book/show/6339664-hush-hush
130,/book/show/3431.The_Five_People_You_Meet_in_Heaven
131,/book/show/22034.The_Godfather
132,/book/show/168642.In_Cold_Blood
133,/book/show/5759.Fight_Club
134,/book/show/15823480-anna-karenina
135,/book/show/256008.Lonesome_Dove
136,/book/show/233093.The_Cat_in_the_Hat
137,/book/show/38709.Holes
138,/book/show/114345.The_Little_House_Collection
139,/book/show/472331.Watchmen
140,/book/show/15881.Harry_Potter_and_the_Chamber_of_Secrets
141,/book/show/4407.American_Gods
142,/book/show/104.Dune
143,/book/show/7126.The_Count_of_Monte_Cristo
144,/book/show/100915.The_Lion_the_Witch_and_the_Wardrobe
145,/book/show/6656.The_Divine_Comedy
146,/book/show/343.Perfume
147,/book/show/34268.Peter_Pan
148,/book/show/830502.It
149,/book/show/355697.All_Quiet_on_the_Western_Front
150,/book/show/1423.The_Compleat_Works_of_Wllm_Shkspr
151,/book/show/2802316-shadow-kiss
152,/book/show/4502507-the-last-olympian
153,/book/show/9712.Love_in_the_Time_of_Cholera
154,/book/show/3473.A_Walk_to_Remember
155,/book/show/11735983-insurgent
156,/book/show/3412.The_Thorn_Birds
157,/book/show/113946.How_the_Grinch_Stole_Christmas_
158,/book/show/19501.Eat_Pray_Love
159,/book/show/13.The_Ultimate_Hitchhiker_s_Guide_to_the_Galaxy
160,/book/show/6867.Atonement
161,/book/show/92303.The_Importance_of_Being_Earnest
162,/book/show/37415.Their_Eyes_Were_Watching_God
163,/book/show/2282133.Frostbite
164,/book/show/236093.The_Wonderful_Wizard_of_Oz
165,/book/show/7190.The_Three_Musketeers
166,/book/show/32929.Goodnight_Moon
167,/book/show/5907.The_Hobbit_or_There_and_Back_Again
168,/book/show/7784.The_Lorax
169,/book/show/526787.Where_the_Red_Fern_Grows
170,/book/show/5996153-blood-promise
171,/book/show/1078.The_Good_Earth
172,/book/show/32261.Tess_of_the_D_Urbervilles
173,/book/show/4900.Heart_of_Darkness
174,/book/show/12067.Good_Omens
175,/book/show/1622.A_Midsummer_Night_s_Dream
176,/book/show/2547.The_Prophet
177,/book/show/402045.The_Mists_of_Avalon
178,/book/show/2120932.The_Battle_of_the_Labyrinth
179,/book/show/7763.The_Joy_Luck_Club
180,/book/show/71728.Jonathan_Livingston_Seagull
181,/book/show/13023.Alice_in_Wonderland
182,/book/show/18335634-clockwork-princess
183,/book/show/28186.The_Sea_of_Monsters
184,/book/show/1852.The_Call_of_the_Wild
185,/book/show/378.The_Phantom_Tollbooth
186,/book/show/561456.The_Titan_s_Curse
187,/book/show/2839.Bridge_to_Terabithia
188,/book/show/5060378-the-girl-who-played-with-fire
189,/book/show/191139.Oh_The_Places_You_ll_Go_
190,/book/show/2175.Madame_Bovary
191,/book/show/7938275-the-hunger-games-trilogy-boxset
192,/book/show/18254.Oliver_Twist
193,/book/show/338798.Ulysses
194,/book/show/6186357-the-maze-runner
195,/book/show/1295.The_Clan_of_the_Cave_Bear
196,/book/show/10818853-fifty-shades-of-grey
197,/book/show/295.Treasure_Island
198,/book/show/27712.The_Neverending_Story
199,/book/show/2696.The_Canterbury_Tales
